shot_id,club,ball_speed_mph,club_speed_mph,smash_factor,launch_angle_deg,spin_rate_rpm,carry_distance_yds,total_distance_yds
1,7-iron,118.4,85.2,1.39,17.8,6200,165,172
2,7-iron,120.1,86.0,1.4,18.2,6000,168,175
3,7-iron,115.6,84.1,1.37,16.9,6500,160,167
4,7-iron,122.3,87.4,1.4,18.5,5900,170,178
5,7-iron,117.9,85.0,1.39,17.4,6300,164,171
6,7-iron,119.6,86.3,1.38,18.0,6100,166,173
7,7-iron,121.0,87.1,1.39,18.3,5900,169,176
8,7-iron,116.8,84.7,1.38,17.1,6400,162,169
9,8-iron,112.9,78.8,1.20,19.6,7000,155,156
